{
    "metrics": {
        "http_req_blocked": {
            "med": 0.19392700000000002,
            "max": 13.922171,
            "p(90)": 0.2983337,
            "p(95)": 0.4357954999999998,
            "avg": 0.2336237171875011,
            "min": 0.10037
        },
        "http_req_waiting": {
            "p(90)": 16704.7468009,
            "p(95)": 17821.70418745,
            "avg": 7815.6168860297685,
            "min": 14.848113,
            "med": 6699.507027,
            "max": 18542.312649
        },
        "http_req_failed": {
            "passes": 0,
            "fails": 16000,
            "value": 0
        },
        "data_received": {
            "count": 7234680,
            "rate": 24115.019308566614
        },
        "http_req_receiving": {
            "max": 8.96942,
            "p(90)": 0.8377373000000001,
            "p(95)": 1.373030849999999,
            "avg": 0.6827473778125015,
            "min": 0.084932,
            "med": 0.59889
        },
        "iteration_duration": {
            "avg": 7867.422713844626,
            "min": 66.077842,
            "med": 6751.4988865,
            "max": 18593.637097,
            "p(90)": 16756.4877092,
            "p(95)": 17872.845429499997
        },
        "http_req_duration{expected_response:true}": {
            "med": 6700.225902,
            "max": 18542.889167,
            "p(90)": 16705.3004842,
            "p(95)": 17822.328602749996,
            "avg": 7816.36260336467,
            "min": 15.512131
        },
        "http_req_connecting": {
            "avg": 0.15686381562500024,
            "min": 0.071581,
            "med": 0.1281445,
            "max": 13.821289,
            "p(90)": 0.19655720000000002,
            "p(95)": 0.28739489999999995
        },
        "vus_max": {
            "value": 1000,
            "min": 1000,
            "max": 1000
        },
        "http_reqs": {
            "count": 16000,
            "rate": 53.33204909368014
        },
        "http_req_duration": {
            "p(95)": 17822.328602749996,
            "avg": 7816.36260336467,
            "min": 15.512131,
            "med": 6700.225902,
            "max": 18542.889167,
            "p(90)": 16705.3004842
        },
        "http_req_sending": {
            "avg": 0.06296995712500014,
            "min": 0.021286,
            "med": 0.052254,
            "max": 5.305637,
            "p(90)": 0.08777530000000001,
            "p(95)": 0.11622654999999985
        },
        "checks": {
            "passes": 16000,
            "fails": 0,
            "value": 1
        },
        "http_req_tls_handshaking": {
            "avg": 0,
            "min": 0,
            "med": 0,
            "max": 0,
            "p(90)": 0,
            "p(95)": 0
        },
        "data_sent": {
            "count": 5458680,
            "rate": 18195.161859168118
        },
        "iterations": {
            "count": 16000,
            "rate": 53.33204909368014
        },
        "vus": {
            "value": 7,
            "min": 2,
            "max": 1000
        }
    },
    "root_group": {
        "path": "",
        "id": "d41d8cd98f00b204e9800998ecf8427e",
        "groups": {},
        "checks": {
                "status is 201": {
                    "name": "status is 201",
                    "path": "::status is 201",
                    "id": "ec8c9afd59577ad0eb26fbf150ecf791",
                    "passes": 16000,
                    "fails": 0
                }
            },
        "name": ""
    }
}