{
    "metrics": {
        "http_req_blocked": {
            "p(95)": 0.5885092000000002,
            "avg": 0.28476314648630796,
            "min": 0.108697,
            "med": 0.2025205,
            "max": 12.202415,
            "p(90)": 0.3795087000000002
        },
        "http_req_sending": {
            "p(95)": 0.12610275,
            "avg": 0.07020413023754557,
            "min": 0.022921,
            "med": 0.050814,
            "max": 10.572478,
            "p(90)": 0.09136500000000002
        },
        "checks": {
            "passes": 12124,
            "fails": 0,
            "value": 1
        },
        "data_sent": {
            "count": 4097657,
            "rate": 16287.663711259702
        },
        "iteration_duration": {
            "med": 1043.904895,
            "max": 2631.020365,
            "p(90)": 1947.8600349,
            "p(95)": 2138.1690485999998,
            "avg": 1076.1607620932507,
            "min": 115.240417
        },
        "http_req_duration": {
            "med": 942.9790439999999,
            "max": 2530.06131,
            "p(90)": 1846.7878627000002,
            "p(95)": 2036.77045995,
            "avg": 975.411819652015,
            "min": 14.329567
        },
        "http_req_receiving": {
            "max": 14.512493,
            "p(90)": 0.9858501000000001,
            "p(95)": 1.39282765,
            "avg": 0.737606363163974,
            "min": 0.073827,
            "med": 0.6544175
        },
        "http_req_duration{expected_response:true}": {
            "med": 942.9790439999999,
            "max": 2530.06131,
            "p(90)": 1846.7878627000002,
            "p(95)": 2036.77045995,
            "avg": 975.411819652015,
            "min": 14.329567
        },
        "http_req_failed": {
            "passes": 0,
            "fails": 12124,
            "value": 0
        },
        "http_req_connecting": {
            "p(95)": 0.3734057,
            "avg": 0.19550618310788498,
            "min": 0.071165,
            "med": 0.134362,
            "max": 11.497234,
            "p(90)": 0.2446087
        },
        "http_req_tls_handshaking": {
            "med": 0,
            "max": 0,
            "p(90)": 0,
            "p(95)": 0,
            "avg": 0,
            "min": 0
        },
        "iterations": {
            "count": 12118,
            "rate": 48.1675037351943
        },
        "http_reqs": {
            "count": 12124,
            "rate": 48.19135296959034
        },
        "vus_max": {
            "value": 400,
            "min": 400,
            "max": 400
        },
        "http_req_waiting": {
            "p(90)": 1846.111443,
            "p(95)": 2036.0711433000001,
            "avg": 974.6040091586111,
            "min": 13.794258,
            "med": 942.277416,
            "max": 2529.464488
        },
        "vus": {
            "value": 109,
            "min": 1,
            "max": 109
        },
        "data_received": {
            "rate": 21499.512426401066,
            "count": 5408856
        }
    },
    "root_group": {
        "name": "",
        "path": "",
        "id": "d41d8cd98f00b204e9800998ecf8427e",
        "groups": {},
        "checks": {
                "status is 201": {
                    "name": "status is 201",
                    "path": "::status is 201",
                    "id": "ec8c9afd59577ad0eb26fbf150ecf791",
                    "passes": 12124,
                    "fails": 0
                }
            }
    }
}