{
    "root_group": {
        "id": "d41d8cd98f00b204e9800998ecf8427e",
        "groups": {},
        "checks": {
                "status is 201": {
                    "name": "status is 201",
                    "path": "::status is 201",
                    "id": "ec8c9afd59577ad0eb26fbf150ecf791",
                    "passes": 14830,
                    "fails": 0
                }
            },
        "name": "",
        "path": ""
    },
    "metrics": {
        "http_req_connecting": {
            "med": 0.131797,
            "max": 19.49526,
            "p(90)": 0.22372350000000002,
            "p(95)": 0.33878699999999984,
            "avg": 0.18179481510451806,
            "min": 0.071733
        },
        "http_req_tls_handshaking": {
            "max": 0,
            "p(90)": 0,
            "p(95)": 0,
            "avg": 0,
            "min": 0,
            "med": 0
        },
        "http_req_blocked": {
            "avg": 0.26104003068105275,
            "min": 0.112888,
            "med": 0.1946045,
            "max": 19.573254,
            "p(90)": 0.33426690000000003,
            "p(95)": 0.5158626999999999
        },
        "http_req_failed": {
            "passes": 0,
            "fails": 14830,
            "value": 0
        },
        "vus_max": {
            "value": 400,
            "min": 400,
            "max": 400
        },
        "iterations": {
            "count": 14830,
            "rate": 49.42025525892667
        },
        "http_req_waiting": {
            "avg": 2985.1204359631847,
            "min": 13.971873,
            "med": 2356.105786,
            "max": 7550.528548,
            "p(90)": 6855.098241000001,
            "p(95)": 7193.33029445
        },
        "data_sent": {
            "count": 5015536,
            "rate": 16714.030302113017
        },
        "http_req_duration{expected_response:true}": {
            "avg": 2985.907373506548,
            "min": 14.717359,
            "med": 2356.5433725000003,
            "max": 7552.121939,
            "p(90)": 6855.8471758,
            "p(95)": 7194.8773553
        },
        "data_received": {
            "count": 6661666,
            "rate": 22199.678635853877
        },
        "iteration_duration": {
            "avg": 3087.0321579235456,
            "min": 115.394812,
            "med": 2457.5028555,
            "max": 7653.502238,
            "p(90)": 6956.9994542,
            "p(95)": 7295.9744332
        },
        "http_req_receiving": {
            "p(90)": 0.9279233,
            "p(95)": 1.3787436499999992,
            "avg": 0.7197977389750502,
            "min": 0.09721,
            "med": 0.6376325,
            "max": 9.636373
        },
        "checks": {
            "passes": 14830,
            "fails": 0,
            "value": 1
        },
        "vus": {
            "value": 2,
            "min": 1,
            "max": 400
        },
        "http_req_duration": {
            "p(90)": 6855.8471758,
            "p(95)": 7194.8773553,
            "avg": 2985.907373506548,
            "min": 14.717359,
            "med": 2356.5433725000003,
            "max": 7552.121939
        },
        "http_req_sending": {
            "p(95)": 0.11935024999999987,
            "avg": 0.06713980438300732,
            "min": 0.024943,
            "med": 0.0490825,
            "max": 9.067184,
            "p(90)": 0.08494540000000002
        },
        "http_reqs": {
            "count": 14830,
            "rate": 49.42025525892667
        }
    }
}