{
    "metrics": {
        "iterations": {
            "count": 50,
            "rate": 6.397222621131346
        },
        "http_req_connecting": {
            "p(95)": 0.5911107,
            "avg": 0.26965507999999994,
            "min": 0.098631,
            "med": 0.160442,
            "max": 2.362981,
            "p(90)": 0.5096576000000002
        },
        "iteration_duration": {
            "avg": 775.7821166800001,
            "min": 516.49789,
            "med": 538.1680934999999,
            "max": 2993.441014,
            "p(90)": 819.3867142000031,
            "p(95)": 2885.7044837
        },
        "vus_max": {
            "value": 5,
            "min": 5,
            "max": 5
        },
        "http_req_duration": {
            "med": 53.390845,
            "max": 1558.520989,
            "p(90)": 477.89351800000065,
            "p(95)": 1016.9922102999999,
            "avg": 182.41873821333343,
            "min": 15.053249
        },
        "http_req_tls_handshaking": {
            "p(90)": 0,
            "p(95)": 0,
            "avg": 0,
            "min": 0,
            "med": 0,
            "max": 0
        },
        "http_req_receiving": {
            "avg": 0.9397433466666666,
            "min": 0.182344,
            "med": 0.825855,
            "max": 3.646254,
            "p(90)": 1.2866342000000004,
            "p(95)": 1.7374765999999997
        },
        "http_req_failed": {
            "passes": 45,
            "fails": 30,
            "value": 0.6
        },
        "http_req_sending": {
            "avg": 0.11322937333333333,
            "min": 0.033141,
            "med": 0.081038,
            "max": 0.524796,
            "p(90)": 0.22322060000000019,
            "p(95)": 0.26815799999999995
        },
        "checks": {
            "fails": 45,
            "passes": 10,
            "value": 0.18181818181818182
        },
        "http_reqs": {
            "count": 75,
            "rate": 9.595833931697019
        },
        "http_req_duration{expected_response:true}": {
            "p(90)": 1063.4997802000003,
            "p(95)": 1281.6427668,
            "avg": 399.2388399666665,
            "min": 57.24334,
            "med": 180.8930395,
            "max": 1558.520989
        },
        "http_req_blocked": {
            "max": 3.208269,
            "p(90)": 0.7582264000000002,
            "p(95)": 1.0087552999999998,
            "avg": 0.4386002266666668,
            "min": 0.166291,
            "med": 0.246561
        },
        "data_received": {
            "count": 1327910,
            "rate": 169898.7178165305
        },
        "req_duration_debug": {
            "min": 15.053249,
            "med": 36.6935935,
            "max": 235.68615,
            "p(90)": 103.11170250000008,
            "p(95)": 195.44710829999997,
            "avg": 54.05662440000002
        },
        "data_sent": {
            "count": 36670,
            "rate": 4691.723070337729
        },
        "http_req_waiting": {
            "p(95)": 1016.1953956,
            "avg": 181.36576549333333,
            "min": 14.398821,
            "med": 51.797696,
            "max": 1557.503927,
            "p(90)": 476.91059360000065
        },
        "vus": {
            "value": 5,
            "min": 5,
            "max": 5
        }
    },
    "root_group": {
        "name": "",
        "path": "",
        "id": "d41d8cd98f00b204e9800998ecf8427e",
        "groups": {},
        "checks": {
                "login ok": {
                    "id": "0ddcda49e3a8b9d6d2e015dafbaafe65",
                    "passes": 5,
                    "fails": 0,
                    "name": "login ok",
                    "path": "::login ok"
                },
                "create ok": {
                    "name": "create ok",
                    "path": "::create ok",
                    "id": "7ddabdef5eb9c95714830a892f4cd955",
                    "passes": 5,
                    "fails": 45
                }
            }
    }
}