{
    "root_group": {
        "name": "",
        "path": "",
        "id": "d41d8cd98f00b204e9800998ecf8427e",
        "groups": {},
        "checks": {
                "status is 201": {
                    "path": "::status is 201",
                    "id": "ec8c9afd59577ad0eb26fbf150ecf791",
                    "passes": 22616,
                    "fails": 0,
                    "name": "status is 201"
                }
            }
    },
    "metrics": {
        "http_req_failed": {
            "passes": 0,
            "fails": 22616,
            "value": 0
        },
        "data_received": {
            "count": 10025760,
            "rate": 23859.72484394543
        },
        "http_req_tls_handshaking": {
            "max": 0,
            "p(90)": 0,
            "p(95)": 0,
            "avg": 0,
            "min": 0,
            "med": 0
        },
        "data_sent": {
            "rate": 17910.086497724154,
            "count": 7525746
        },
        "http_req_duration{expected_response:true}": {
            "avg": 2557.5419778577634,
            "min": 14.063291,
            "med": 3163.265244,
            "max": 4040.299311,
            "p(90)": 3620.2065254999998,
            "p(95)": 3705.01809525
        },
        "http_req_connecting": {
            "avg": 0.1655384451273436,
            "min": 0.081517,
            "med": 0.1308895,
            "max": 18.619224,
            "p(90)": 0.1959635,
            "p(95)": 0.27833399999999997
        },
        "vus_max": {
            "value": 200,
            "min": 200,
            "max": 200
        },
        "http_req_duration": {
            "max": 4040.299311,
            "p(90)": 3620.2065254999998,
            "p(95)": 3705.01809525,
            "avg": 2557.5419778577634,
            "min": 14.063291,
            "med": 3163.265244,
            "thresholds": {
                "p(95)<3000": true
            }
        },
        "http_reqs": {
            "count": 22616,
            "rate": 53.82250692921732
        },
        "iterations": {
            "count": 22616,
            "rate": 53.82250692921732
        },
        "http_req_sending": {
            "avg": 0.05777982048107519,
            "min": 0.025348,
            "med": 0.0458455,
            "max": 5.429885,
            "p(90)": 0.07288900000000001,
            "p(95)": 0.09500625
        },
        "iteration_duration": {
            "avg": 2758.621347694909,
            "min": 215.034962,
            "med": 3364.4115380000003,
            "max": 4241.545905,
            "p(90)": 3821.2455695,
            "p(95)": 3906.05779925
        },
        "vus": {
            "value": 1,
            "min": 1,
            "max": 200
        },
        "http_req_receiving": {
            "max": 10.300274,
            "p(90)": 0.8445875,
            "p(95)": 1.19589025,
            "avg": 0.6736574762557475,
            "min": 0.088359,
            "med": 0.6041434999999999
        },
        "http_req_blocked": {
            "min": 0.118725,
            "med": 0.1878415,
            "max": 18.694659,
            "p(90)": 0.2817425,
            "p(95)": 0.40248175,
            "avg": 0.2333130286964997
        },
        "checks": {
            "passes": 22616,
            "fails": 0,
            "value": 1
        },
        "http_req_waiting": {
            "p(90)": 3619.4041610000004,
            "p(95)": 3704.05621075,
            "avg": 2556.81054056101,
            "min": 13.498596,
            "med": 3162.6634445,
            "max": 4039.654929
        }
    }
}