{
    "root_group": {
        "name": "",
        "path": "",
        "id": "d41d8cd98f00b204e9800998ecf8427e",
        "groups": {},
        "checks": {
                "status is 201": {
                    "passes": 14293,
                    "fails": 0,
                    "name": "status is 201",
                    "path": "::status is 201",
                    "id": "ec8c9afd59577ad0eb26fbf150ecf791"
                }
            }
    },
    "metrics": {
        "iteration_duration": {
            "med": 2436.623751,
            "max": 6696.962309,
            "p(90)": 3685.8142084,
            "p(95)": 3873.5429642,
            "avg": 2368.087980565445,
            "min": 215.309886
        },
        "http_reqs": {
            "count": 14293,
            "rate": 47.61839864284294
        },
        "http_req_receiving": {
            "min": 0.091375,
            "med": 0.640259,
            "max": 19.534287,
            "p(90)": 1.0004678000000007,
            "p(95)": 1.4591341999999998,
            "avg": 0.7449314744280473
        },
        "vus": {
            "value": 2,
            "min": 2,
            "max": 199
        },
        "http_req_blocked": {
            "avg": 0.2911263729797808,
            "min": 0.118315,
            "med": 0.19571,
            "max": 23.228671,
            "p(90)": 0.3561840000000005,
            "p(95)": 0.5688169999999999
        },
        "iterations": {
            "count": 14293,
            "rate": 47.61839864284294
        },
        "http_req_duration": {
            "p(95)": 3672.4764034,
            "avg": 2166.9057401077357,
            "min": 14.303257,
            "med": 2234.987952,
            "max": 6496.136039,
            "p(90)": 3484.7475786000005,
            "thresholds": {
                "p(95)<3000": true
            }
        },
        "http_req_waiting": {
            "avg": 2166.0923108346715,
            "min": 13.753111,
            "med": 2234.122529,
            "max": 6494.96199,
            "p(90)": 3483.5724468000017,
            "p(95)": 3671.8172366
        },
        "data_received": {
            "count": 6335089,
            "rate": 21105.91152591403
        },
        "http_req_connecting": {
            "med": 0.134086,
            "max": 20.005142,
            "p(90)": 0.23934700000000034,
            "p(95)": 0.37580839999999993,
            "avg": 0.20696596984537902,
            "min": 0.077163
        },
        "http_req_duration{expected_response:true}": {
            "max": 6496.136039,
            "p(90)": 3484.7475786000005,
            "p(95)": 3672.4764034,
            "avg": 2166.9057401077357,
            "min": 14.303257,
            "med": 2234.987952
        },
        "checks": {
            "passes": 14293,
            "fails": 0,
            "value": 1
        },
        "http_req_tls_handshaking": {
            "avg": 0,
            "min": 0,
            "med": 0,
            "max": 0,
            "p(90)": 0,
            "p(95)": 0
        },
        "http_req_failed": {
            "passes": 0,
            "fails": 14293,
            "value": 0
        },
        "vus_max": {
            "min": 200,
            "max": 200,
            "value": 200
        },
        "http_req_sending": {
            "avg": 0.06849779864269218,
            "min": 0.025146,
            "med": 0.048253,
            "max": 6.316659,
            "p(90)": 0.08517860000000002,
            "p(95)": 0.11981839999999999
        },
        "data_sent": {
            "count": 4748566,
            "rate": 15820.269276558463
        }
    }
}